毕业院校,当选年份,test
北京大学,1948,1
北京大学,1948,2
北京大学,1948,3
东京第一高等学校,1948,4
东南大学,1948,5
复旦大学,1948,6
湖南湘雅医学院,1948,7
江南高等学校,1948,8
金陵大学,1948,9
京师大学,1948,10
美国伊利诺大学,1948,11
美国芝加哥大学,1948,12
美国芝加哥大学,1948,13
南京高等师范学校,1948,14
南京高等师范学校,1948,15
南京高等师范学校,1948,16
南京高等师范学校,1948,17
南京高等师范学校,1948,18
南京金陵大学,1948,19
南开大学,1948,20
农商部地质研究所,1948,21
清华大学,1948,22
清华大学,1948,23
清华大学,1948,24
清华大学,1948,25
清华大学,1948,26
清华大学,1948,27
清华大学,1948,28
清华学堂,1948,29
清华学校,1948,30
清华学校,1948,31
清华学校,1948,32
日本大阪工业高等学校(现大阪大学),1948,33
日本东北帝国大学,1948,34
上海同济医工专门学校,1948,35
唐山工业专门学校,1948,36
唐山路矿学堂(现西南交通大学),1948,37
北京大学,1955,38
北京大学,1955,39
北京大学,1955,40
北京大学,1955,41
北京大学,1955,42
北京大学,1955,43
北京大学,1955,44
北京大学,1955,45
北京大学,1955,46
北京大学,1955,47
北京大学,1955,48
北京大学,1955,49
北京大学,1955,50
北京大学,1955,51
北京大学,1955,52
北京大学,1955,53
北京农业大学,1955,54
北京协和医学院,1955,55
北京协和医学院,1955,56
北京协和医学院,1955,57
北平大学,1955,58
北洋大学,1955,59
北洋大学,1955,60
成都华西协和大学,1955,61
东华大学,1955,62
东京帝国大学,1955,63
东南大学,1955,64
东南大学,1955,65
东南大学,1955,66
东南大学,1955,67
东吴大学,1955,68
东吴大学,1955,69
法国蒙伯利埃大学,1955,70
法国南锡大学,1955,71
复旦大学,1955,72
光华大学,1955,73
广东高等师范学校,1955,74
河北省保定甲种农校,1955,75
湖南大学,1955,76
金陵大学,1955,77
金陵大学,1955,78
金陵大学,1955,79
美国宾夕法尼亚大学,1955,80
美国哈佛大学,1955,81
美国普渡大学,1955,82
美国芝加哥大学,1955,83
南京高等师范学校,1955,84
南京高等师范学校,1955,85
南京高等师范学校,1955,86
南京高等师范学校,1955,87
南京河海工程专门学校,1955,88
南京江苏第一农校,1955,89
南京金陵大学,1955,90
南京金陵大学,1955,91
南开大学,1955,92
清华大学,1955,93
清华大学,1955,94
清华大学,1955,95
清华大学,1955,96
清华大学,1955,97
清华大学,1955,98
清华大学,1955,99
清华大学,1955,100
清华大学,1955,101
清华大学,1955,102
清华大学,1955,103
清华大学,1955,104
清华大学,1955,105
清华大学,1955,106
清华大学,1955,107
清华大学,1955,108
清华大学,1955,109
清华大学,1955,110
清华大学,1955,111
清华大学,1955,112
清华学堂,1955,113
清华学校,1955,114
清华学校,1955,115
清华学校,1955,116
清华学校,1955,117
清华学校,1955,118
日本东京高等工业学校,1955,119
日本东京高等工业学校建筑科。南京工学院,1955,120
日本鹿儿岛高等农林学校,1955,121
上海大同大学,1955,122
上海大同大学,1955,123
上海大同大学,1955,124
复旦大学,1955,125
上海国立中法上学院,1955,126
上海沪江大学,1955,127
上海沪江大学,1955,128
上海交通大学,1955,129
上海交通大学,1955,130
上海交通大学,1955,131
上海交通大学,1955,132
上海交通大学,1955,133
同济大学,1955,134
上海医学院,1955,135
上海恽铁樵函授中医学校,1955,136
天津北洋大学,1955,137
同济大学,1955,138
同济大学,1955,139
王泽中西医学函授班,1955,140
武汉大学,1955,141
西北农学院,1955,142
西南联合大学,1955,143
香港大学,1955,144
协和医学院,1955,145
燕京大学,1955,146
燕京大学,1955,147
燕京大学,1955,148
燕京大学,1955,149
燕京大学,1955,150
燕京大学,1955,151
燕京大学,1955,152
英国曼彻斯特大学,1955,153
英国纽加索大学,1955,154
原辽宁医学院,1955,155
浙江大学,1955,156
浙江医药专科学校(现浙江大学医学院),1955,157
中山大学,1955,158
中山大学,1955,159
中山大学,1955,160
中央大学,1955,161
中央大学,1955,162
,1955,163
清华大学,1956,164
北京大学,1957,165
北京大学,1957,166
北京大学,1957,167
北京师范大学,1957,168
荷兰莱登大学,1957,169
交通大学,1957,170
美国西南大学,1957,171
农商部地质研究所,1957,172
清华大学,1957,173
清华大学,1957,174
山东济南齐鲁大学,1957,175
唐山交通大学,1957,176
西南联合大学,1957,177
湘雅医学院,1957,178
燕京大学,1957,179
燕京大学,1957,180
中央大学,1957,181
北京大学,1980,182
北京大学,1980,183
北京大学,1980,184
北京大学,1980,185
北京大学,1980,186
北京大学,1980,187
北京大学,1980,188
北京大学,1980,189
北京大学,1980,190
北京大学,1980,191
北京大学,1980,192
北京大学,1980,193
北京大学,1980,194
北京大学,1980,195
北京大学,1980,196
北京大学,1980,197
北京大学,1980,198
北京大学,1980,199
北京大学,1980,200
北京大学,1980,201
北京大学,1980,202
北京大学,1980,203
北京大学,1980,204
北京大学,1980,205
北京大学,1980,206
北京大学,1980,207
北京大学,1980,208
北京大学,1980,209
北京师范大学,1980,210
北京师范大学,1980,211
北京中法大学,1980,212
北平大学,1980,213
北平大学,1980,214
北洋大学,1980,215
北洋大学,1980,216
北洋工学院,1980,217
北洋工学院,1980,218
成都金陵大学,1980,219
东南大学,1980,220
东吴大学,1980,221
东吴大学,1980,222
东吴大学,1980,223
福建协和大学,1980,224
福建协和大学,1980,225
福建协和大学,1980,226
辅仁大学,1980,227
辅仁大学,1980,228
广西大学,1980,229
广州中山大学,1980,230
国立交通大学,1980,231
哈尔滨工业大学,1980,232
湖南大学,1980,233
沪江大学,1980,234
沪江大学,1980,235
交通大学,1980,236
交通大学,1980,237
交通大学,1980,238
交通大学,1980,239
交通大学,1980,240
交通大学,1980,241
交通大学,1980,242
金陵大学,1980,243
金陵大学,1980,244
金陵大学,1980,245
金陵大学,1980,246
昆明西南联合大学,1980,247
昆明西南联合大学,1980,248
昆明西南联合大学,1980,249
马尾海军学校,1980,250
美国华盛顿州立大学,1980,251
南京大学,1980,252
南京大学,1980,253
南京大学,1980,254
南京工学院,1980,255
南京中央大学,1980,256
清华大学,1980,257
清华大学,1980,258
清华大学,1980,259
清华大学,1980,260
清华大学,1980,261
清华大学,1980,262
清华大学,1980,263
清华大学,1980,264
清华大学,1980,265
清华大学,1980,266
清华大学,1980,267
清华大学,1980,268
清华大学,1980,269
清华大学,1980,270
清华大学,1980,271
清华大学,1980,272
清华大学,1980,273
清华大学,1980,274
清华大学,1980,275
清华大学,1980,276
清华大学,1980,277
清华大学,1980,278
清华大学,1980,279
清华大学,1980,280
清华大学,1980,281
清华大学,1980,282
清华大学,1980,283
清华大学,1980,284
清华大学,1980,285
清华大学,1980,286
清华大学,1980,287
清华大学,1980,288
清华大学,1980,289
清华大学,1980,290
清华大学,1980,291
清华大学,1980,292
清华大学,1980,293
清华大学,1980,294
清华学校,1980,295
厦门大学,1980,296
厦门大学,1980,297
厦门大学,1980,298
厦门大学,1980,299
厦门大学,1980,300
山东大学,1980,301
山东大学,1980,302
山西大学,1980,303
上海大同大学,1980,304
上海大同大学,1980,305
上海第一医学院,1980,306
上海交通大学,1980,307
上海交通大学,1980,308
上海交通大学,1980,309
上海交通大学,1980,310
上海交通大学,1980,311
上海交通大学,1980,312
上海交通大学,1980,313
上海交通大学,1980,314
上海交通大学,1980,315
上海交通大学,1980,316
上海劳动大学,1980,317
上海圣约翰大学,1980,318
同济大学,1980,319
上海医学院,1980,320
上海医学院,1980,321
四川大学,1980,322
苏联莫斯科大学,1980,323
苏州东吴大学,1980,324
苏州东吴大学,1980,325
唐山交通大学,1980,326
唐山交通大学,1980,327
唐山交通大学,1980,328
同济大学,1980,329
同济大学,1980,330
同济大学,1980,331
同济大学,1980,332
同济大学,1980,333
同济大学,1980,334
乌克兰哈尔科夫大学,1980,335
武汉大学,1980,336
武汉大学,1980,337
武汉大学,1980,338
武汉大学,1980,339
武汉大学,1980,340
西北工学院,1980,341
西北工学院,1980,342
西南联合大学,1980,343
西南联合大学,1980,344
西南联合大学,1980,345
西南联合大学,1980,346
西南联合大学,1980,347
西南联合大学,1980,348
西南联合大学,1980,349
西南联合大学,1980,350
西南联合大学,1980,351
西南联合大学,1980,352
西南联合大学,1980,353
西南联合大学,1980,354
西南联合大学,1980,355
西南联合大学,1980,356
西南联合大学,1980,357
西南联合大学,1980,358
西南联合大学,1980,359
西南联合大学,1980,360
西南联合大学,1980,361
西南联合大学,1980,362
西南联合大学,1980,363
西南联合大学,1980,364
西南联合大学,1980,365
西南联合大学,1980,366
西南联合大学,1980,367
西南联合大学,1980,368
西南联合大学,1980,369
协和大学,1980,370
燕京大学,1980,371
燕京大学,1980,372
燕京大学,1980,373
燕京大学,1980,374
燕京大学,1980,375
燕京大学,1980,376
燕京大学,1980,377
燕京大学,1980,378
燕京大学,1980,379
燕京大学,1980,380
燕京大学,1980,381
印度尼西亚万隆工学院,1980,382
英国格拉斯哥大学,1980,383
浙江大学,1980,384
浙江大学,1980,385
浙江大学,1980,386
浙江大学,1980,387
浙江大学,1980,388
浙江大学,1980,389
浙江大学,1980,390
浙江大学,1980,391
浙江大学,1980,392
浙江大学,1980,393
浙江大学,1980,394
浙江大学,1980,395
浙江大学,1980,396
浙江大学,1980,397
浙江大学,1980,398
浙江大学,1980,399
浙江大学,1980,400
浙江大学,1980,401
浙江大学,1980,402
浙江大学,1980,403
浙江大学,1980,404
浙江大学,1980,405
浙江大学,1980,406
浙江大学,1980,407
浙江公立专门学校(现浙江大学),1980,408
中国地质调查所,1980,409
中山大学,1980,410
中山大学,1980,411
中山大学,1980,412
中山大学,1980,413
中山大学,1980,414
中山大学,1980,415
中山大学,1980,416
中山大学,1980,417
中山大学,1980,418
中山大学,1980,419
中央大学,1980,420
中央大学,1980,421
中央大学,1980,422
中央大学,1980,423
中央大学,1980,424
中央大学,1980,425
中央大学,1980,426
中央大学,1980,427
中央大学,1980,428
中央大学,1980,429
中央大学,1980,430
中央大学,1980,431
中央大学,1980,432
中央大学,1980,433
中央大学,1980,434
中央大学,1980,435
中央大学,1980,436
中央大学,1980,437
中央大学,1980,438
中央大学,1980,439
中央大学,1980,440
中央大学,1980,441
中央大学,1980,442
中央大学,1980,443
中央大学,1980,444
中央大学,1980,445
重庆兵工大学,1980,446
重庆大学,1980,447
重庆大学,1980,448
重庆大学,1980,449
重庆军政部兵工学校大学,1980,450
重庆中央大学,1980,451
重庆中央大学,1980,452
重庆中央大学,1980,453
重庆中央大学,1980,454
,1980,455
燕京大学,1983,456
金陵大学,1984,457
厦门大学,1985,458
厦门大学,1985,459
上海第二医学院,1985,460
苏州东吴大学,1985,461
复旦大学,1986,462
西南联合大学,1986,463
清华大学,1988,464
南京大学,1989,465
北京大学,1990,466
北京大学,1991,467
北京大学,1991,468
北京大学,1991,469
北京大学,1991,470
北京大学,1991,471
北京大学,1991,472
北京大学,1991,473
北京大学,1991,474
北京大学,1991,475
北京大学,1991,476
北京大学,1991,477
北京大学,1991,478
北京大学,1991,479
北京大学,1991,480
北京大学,1991,481
北京大学,1991,482
北京大学,1991,483
北京大学,1991,484
北京大学,1991,485
北京大学,1991,486
北京大学,1991,487
北京地质学院,1991,488
北京地质学院,1991,489
北京地质学院,1991,490
北京地质学院,1991,491
北京地质学院,1991,492
北京地质学院,1991,493
北京钢铁学院,1991,494
北京矿业学院,1991,495
北京林学院,1991,496
北京林学院,1991,497
北京农业大学,1991,498
北京农业大学,1991,499
北京农业大学,1991,500
北京石油学院,1991,501
北洋大学,1991,502
兵工学校大学,1991,503
大连大学,1991,504
大连工学院,1991,505
大夏大学,1991,506
第五军医大学,1991,507
东北大学,1991,508
东吴大学,1991,509
福建农学院,1991,510
福建医学院,1991,511
复旦大学,1991,512
复旦大学,1991,513
复旦大学,1991,514
复旦大学,1991,515
复旦大学,1991,516
复旦大学,1991,517
复旦大学,1991,518
复旦大学,1991,519
复旦大学,1991,520
复旦大学,1991,521
哈尔滨工业大学,1991,522
河北工业学院,1991,523
沪江大学,1991,524
华中工学院,1991,525
华中农学院,1991,526
江西中正大学,1991,527
交通大学,1991,528
交通大学,1991,529
交通大学,1991,530
交通大学,1991,531
交通大学,1991,532
解放军通信工程学院,1991,533
金陵大学,1991,534
金陵大学,1991,535
金陵大学,1991,536
美国威斯康辛大学,1991,537
莫斯科大学,1991,538
南京大学,1991,539
南京大学,1991,540
南京大学,1991,541
南京大学,1991,542
南京大学,1991,543
南京大学,1991,544
南京大学,1991,545
南京地质探矿专科学校,1991,546
南京工院,1991,547
南开大学,1991,548
齐鲁大学,1991,549
清华大学,1991,550
清华大学,1991,551
清华大学,1991,552
清华大学,1991,553
清华大学,1991,554
清华大学,1991,555
清华大学,1991,556
清华大学,1991,557
清华大学,1991,558
清华大学,1991,559
清华大学,1991,560
清华大学,1991,561
清华大学,1991,562
清华大学,1991,563
清华大学,1991,564
清华大学,1991,565
清华大学,1991,566
清华大学,1991,567
清华大学,1991,568
清华大学,1991,569
清华大学,1991,570
厦门大学,1991,571
厦门大学,1991,572
厦门大学,1991,573
厦门大学,1991,574
山东大学,1991,575
山东农学院,1991,576
上海大同大学,1991,577
上海大夏大学,1991,578
上海第二医学院,1991,579
上海第一医学院,1991,580
上海第一医学院,1991,581
上海第一医学院,1991,582
上海第一医学院,1991,583
上海交通大学,1991,584
上海交通大学,1991,585
上海交通大学,1991,586
上海交通大学,1991,587
上海交通大学,1991,588
上海交通大学,1991,589
上海交通大学,1991,590
上海交通大学,1991,591
上海科技大学,1991,592
上海圣约翰大学,1991,593
同济大学,1991,594
上海医学院,1991,595
四川化工学院,1991,596
苏联列宁格勒大学,1991,597
苏联列宁格勒大学,1991,598
苏联列宁格勒矿业学院,1991,599
苏联列宁格勒水运学院,1991,600
苏联莫斯科包曼高等工学院,1991,601
苏联莫斯科大学,1991,602
苏联莫斯科动力学院,1991,603
苏联茹科夫斯基空军工程学院,1991,604
台湾大学,1991,605
台湾大学,1991,606
台湾清华大学,1991,607
唐山交通大学,1991,608
唐山铁道学院,1991,609
同济大学,1991,610
同济大学,1991,611
同济大学,1991,612
武汉测绘学院,1991,613
武汉测绘学院,1991,614
武汉大学,1991,615
武汉大学,1991,616
武汉大学,1991,617
武汉大学,1991,618
武汉大学,1991,619
武汉大学,1991,620
武汉大学,1991,621
武汉大学,1991,622
西北大学,1991,623
西北大学,1991,624
西北工学院,1991,625
西南联合大学,1991,626
西南联合大学,1991,627
西南联合大学,1991,628
西南联合大学,1991,629
香港大学,1991,630
湘雅医学院,1991,631
燕京大学,1991,632
燕京大学,1991,633
燕京大学,1991,634
浙江大学,1991,635
浙江大学,1991,636
浙江大学,1991,637
浙江大学,1991,638
浙江大学,1991,639
浙江大学,1991,640
浙江大学,1991,641
浙江大学,1991,642
浙江大学,1991,643
浙江大学,1991,644
中国科学技术大学,1991,645
中国科学技术大学,1991,646
中国科学技术大学,1991,647
中国人民解放军通信学院,1991,648
中南矿冶学院,1991,649
中山大学,1991,650
中央大学,1991,651
中央大学,1991,652
中央大学,1991,653
中央大学,1991,654
中央大学,1991,655
中央大学,1991,656
中央大学,1991,657
中央大学,1991,658
中央大学,1991,659
中央大学,1991,660
中央大学,1991,661
中央大学,1991,662
中央大学,1991,663
中央大学,1991,664
重庆大学,1991,665
重庆大学,1991,666
重庆大学,1991,667
重庆中央大学,1991,668
重庆中央大学,1991,669
重庆中央大学,1991,670
重庆中央大学,1991,671
北平燕京大学,1992,672
清华大学,1992,673
西南联合大学,1992,674
(大理)华中大学,1993,675
北京大学,1993,676
北京大学,1993,677
北京大学,1993,678
北京大学,1993,679
北京大学,1993,680
北京大学,1993,681
北京大学,1993,682
北京大学,1993,683
北京大学,1993,684
北京地质学院,1993,685
北京地质学院,1993,686
北京地质学院,1993,687
北京钢铁学院,1993,688
北京科技大学,1993,689
北京农业大学,1993,690
北京师范大学,1993,691
北京师范大学,1993,692
北洋大学,1993,693
大连工学院,1993,694
东北人民大学,1993,695
复旦大学,1993,696
华东化工学院,1993,697
华南农学院,1993,698
吉林大学,1993,699
吉林大学,1993,700
军事工程学院,1993,701
列宁格勒大学,1993,702
岭南大学,1993,703
美国普渡大学,1993,704
南京大学,1993,705
南京大学,1993,706
南京农业大学,1993,707
南开大学,1993,708
清华大学,1993,709
清华大学,1993,710
厦门大学,1993,711
厦门大学,1993,712
厦门大学,1993,713
厦门大学,1993,714
山东大学,1993,715
山东大学,1993,716
上海交通大学,1993,717
上海圣约翰大学,1993,718
上海医学院,1993,719
上海医学院,1993,720
苏联列宁格勒大学,1993,721
同济大学,1993,722
同济大学,1993,723
武汉大学,1993,724
西南联合大学,1993,725
西南联合大学,1993,726
云南大学,1993,727
长春东北大学,1993,728
浙江大学,1993,729
浙江大学,1993,730
中国科学技术大学,1993,731
中央大学,1993,732
中央大学,1993,733
中央大学,1993,734
唐山交通大学,1994,735
同济大学,1994,736
西南联合大学,1994,737
北京大学,1995,738
北京大学,1995,739
北京大学,1995,740
北京大学,1995,741
北京大学,1995,742
北京大学,1995,743
北京大学,1995,744
北京大学,1995,745
北京大学,1995,746
北京大学,1995,747
北京地质学院,1995,748
北京地质学院,1995,749
北京科技大学,1995,750
北京林学院,1995,751
北京农业大学,1995,752
北京农业大学,1995,753
北京铁道学院,1995,754
北京医学院,1995,755
北京医学院,1995,756
北平大学,1995,757
复旦大学,1995,758
复旦大学,1995,759
复旦大学,1995,760
复旦大学,1995,761
国立西北工学院,1995,762
国立药学专科学校(现中国药科大学),1995,763
国立云南大学,1995,764
华东纺织工学院,1995,765
华东水利学院,1995,766
吉林工业大学,1995,767
交通大学,1995,768
南京大学,1995,769
南京大学,1995,770
南京大学,1995,771
南京大学,1995,772
南京大学,1995,773
南京大学,1995,774
南京大学,1995,775
南开大学,1995,776
清华大学,1995,777
清华大学,1995,778
山东农学院,1995,779
上海第二医学院,1995,780
复旦大学,1995,781
上海沪江大学,1995,782
上海交通大学,1995,783
台湾东海大学,1995,784
天津大学,1995,785
西安交通大学,1995,786
西北大学,1995,787
西北农学院,1995,788
香港大学,1995,789
浙江大学,1995,790
浙江大学,1995,791
浙江大学,1995,792
浙江大学,1995,793
中国科学技术大学,1995,794
中央大学,1995,795
中央大学,1995,796
中央大学,1995,797
重庆大学,1995,798
重庆师范大学,1995,799
北京大学,1997,800
北京大学,1997,801
北京大学,1997,802
北京大学,1997,803
北京大学,1997,804
北京大学,1997,805
北京大学,1997,806
北京大学,1997,807
北京大学,1997,808
北京大学,1997,809
北京大学,1997,810
北京大学,1997,811
北京大学,1997,812
北京大学,1997,813
北京地质学院,1997,814
北京地质学院,1997,815
北京地质学院,1997,816
北京石油学院,1997,817
大连医学院,1997,818
辅仁大学,1997,819
复旦大学,1997,820
复旦大学,1997,821
国立药学专科学校(现中国药科大学),1997,822
沪江大学,1997,823
华东化工学院,1997,824
华南工学院,1997,825
华南农学院,1997,826
南京大学,1997,827
南京大学,1997,828
南京大学,1997,829
南京大学,1997,830
南京气象学院,1997,831
南开大学,1997,832
清华大学,1997,833
清华大学,1997,834
清华大学,1997,835
清华大学,1997,836
清华大学,1997,837
清华大学,1997,838
清华大学,1997,839
清华大学,1997,840
厦门大学,1997,841
山东大学,1997,842
上海第一医学院,1997,843
上海交通大学,1997,844
上海医学院,1997,845
四川大学,1997,846
四川大学,1997,847
苏联敖德萨水文气象学院,1997,848
苏州建筑工程学校,1997,849
天津大学,1997,850
武汉大学,1997,851
武汉大学,1997,852
西北大学,1997,853
西北农学院,1997,854
长春地质学院,1997,855
浙江大学,1997,856
中国科学技术大学,1997,857
中央大学,1997,858
北京大学,1999,859
北京大学,1999,860
北京大学,1999,861
北京大学,1999,862
北京大学,1999,863
北京大学,1999,864
北京大学,1999,865
北京大学,1999,866
北京大学,1999,867
北京辅仁大学,1999,868
北京航空学院,1999,869
北京航空学院,1999,870
德国席勒大学,1999,871
德国耶拿大学,1999,872
东北地质学院,1999,873
福州大学,1999,874
复旦大学,1999,875
复旦大学,1999,876
复旦大学,1999,877
广东文理学院,1999,878
哈尔滨工业大学,1999,879
哈尔滨工业大学,1999,880
湖南大学,1999,881
华东化工学院,1999,882
华东师范大学,1999,883
华南工学院,1999,884
华南工学院,1999,885
华中工学院,1999,886
华中农学院,1999,887
江苏师范学院,1999,888
解放军测绘学院,1999,889
岭南大学,1999,890
美国东北大学,1999,891
美国范德堡大学,1999,892
南京大学,1999,893
南京大学,1999,894
清华大学,1999,895
清华大学,1999,896
清华大学,1999,897
厦门大学,1999,898
上海医学院,1999,899
沈阳药科大学,1999,900
苏联国立哈尔科夫大学,1999,901
苏联列宁格勒大学,1999,902
唐山工学院,1999,903
同济大学,1999,904
同济大学,1999,905
西北大学,1999,906
香港大学,1999,907
香港中文大学,1999,908
浙江大学,1999,909
中国科学技术大学,1999,910
中国科学技术大学,1999,911
中国药科大学,1999,912
中山大学,1999,913
安徽农学院(现安徽农业大学),2001,914
北方交通大学,2001,915
北京大学,2001,916
北京大学,2001,917
北京大学,2001,918
北京大学,2001,919
北京大学,2001,920
北京大学,2001,921
北京大学,2001,922
北京大学,2001,923
北京大学,2001,924
北京大学,2001,925
北京地质学院,2001,926
北京农业大学,2001,927
成都电讯工程学院,2001,928
菲律宾东方大学,2001,929
复旦大学,2001,930
复旦大学,2001,931
复旦大学,2001,932
复旦大学,2001,933
哈尔滨工业大学,2001,934
华西大学,2001,935
吉林大学,2001,936
吉林大学,2001,937
加拿大英属哥伦比亚大学,2001,938
美国Simmons学院,2001,939
南京大学,2001,940
南京大学,2001,941
南京大学,2001,942
南京大学,2001,943
南京大学,2001,944
清华大学,2001,945
清华大学,2001,946
清华大学,2001,947
日本东京国际基督教大学,2001,948
厦门大学,2001,949
山东大学,2001,950
山东大学,2001,951
山东大学,2001,952
上海科学技术大学,2001,953
苏联列宁格勒大学,2001,954
天津师范学院,2001,955
同济大学,2001,956
武汉大学,2001,957
西安交通大学,2001,958
西北大学,2001,959
香港大学,2001,960
香港大学,2001,961
香港大学,2001,962
长春地质学院,2001,963
浙江大学,2001,964
浙江大学,2001,965
中国科学技术大学,2001,966
中国科学技术大学,2001,967
中国科学技术大学,2001,968
中国科学技术大学,2001,969
北京大学,2003,970
北京大学,2003,971
北京大学,2003,972
北京大学,2003,973
北京大学,2003,974
北京地质学院,2003,975
北京师范大学,2003,976
北京师范大学,2003,977
北京市职工（业余）大学,2003,978
福州大学,2003,979
复旦大学,2003,980
复旦大学,2003,981
复旦大学,2003,982
复旦大学,2003,983
复旦大学,2003,984
复旦大学,2003,985
复旦大学,2003,986
华西医科大学,2003,987
兰州大学,2003,988
兰州大学,2003,989
莫斯科大学,2003,990
南京大学,2003,991
南京大学,2003,992
南京大学,2003,993
南京理工大学,2003,994
南开大学,2003,995
内蒙古大学,2003,996
清华大学,2003,997
清华大学,2003,998
清华大学,2003,999
清华大学,2003,1000
清华大学,2003,1001
山东大学,2003,1002
山西大学,2003,1003
上海第一医学院,2003,1004
四川大学,2003,1005
西安交通大学,2003,1006
西北工业大学,2003,1007
西北工业大学,2003,1008
香港大学,2003,1009
香港大学,2003,1010
香港珠海书院,2003,1011
新疆工学院,2003,1012
云南大学,2003,1013
张掖师范专科学校(现河西学院),2003,1014
长春地质学院,2003,1015
浙江大学,2003,1016
中国科学技术大学,2003,1017
中国科学技术大学,2003,1018
中国科学技术大学,2003,1019
中国科学技术大学,2003,1020
中国科学技术大学,2003,1021
中国科学技术大学,2003,1022
中国科学技术大学,2003,1023
中国人民解放军军事工程学院,2003,1024
中南矿冶学院,2003,1025
中南矿冶学院,2003,1026
台湾大学,2004,1027
安徽农业大学,2005,1028
北京大学,2005,1029
北京大学,2005,1030
北京大学,2005,1031
北京大学,2005,1032
北京地质学院,2005,1033
北京地质学院,2005,1034
北京石油学院,2005,1035
北京医学院,2005,1036
福建师范大学,2005,1037
复旦大学,2005,1038
复旦大学,2005,1039
复旦大学,2005,1040
复旦大学,2005,1041
哈尔滨工业大学,2005,1042
杭州大学,2005,1043
湖南衡阳医学院,2005,1044
华中农业大学,2005,1045
吉林大学,2005,1046
兰州大学,2005,1047
兰州大学,2005,1048
南京大学,2005,1049
南京大学,2005,1050
南京大学,2005,1051
南京大学,2005,1052
南京大学,2005,1053
南京航空学院,2005,1054
南京铁道医学院,2005,1055
南开大学,2005,1056
南开大学,2005,1057
苏联莫斯科大学,2005,1058
清华大学,2005,1059
清华大学,2005,1060
清华大学,2005,1061
清华大学,2005,1062
曲阜师范大学,2005,1063
厦门大学,2005,1064
山东大学,2005,1065
山东大学,2005,1066
上海师范学院,2005,1067
上海医学院,2005,1068
上海医学院,2005,1069
太原理工大学,2005,1070
武汉大学,2005,1071
武汉大学,2005,1072
西安交通大学,2005,1073
香港中文大学,2005,1074
浙江大学,2005,1075
中国科学技术大学,2005,1076
中国科学技术大学,2005,1077
安徽大学,2007,1078
蚌埠医学院,2007,1079
北京大学,2007,1080
北京理工大学,2007,1081
福建省龙岩农业学校,2007,1082
复旦大学,2007,1083
复旦大学,2007,1084
杭州大学,2007,1085
淮阴师范学院,2007,1086
吉林大学,2007,1087
吉林大学,2007,1088
吉林大学,2007,1089
吉林大学,2007,1090
兰州大学,2007,1091
辽宁大学,2007,1092
南京大学,2007,1093
南京大学,2007,1094
南京大学,2007,1095
南开大学,2007,1096
山东大学,2007,1097
山东工业大学,2007,1098
山西大学,2007,1099
天津师范学院,2007,1100
西安交通大学,2007,1101
西南农业大学,2007,1102
西南师范大学,2007,1103
郑州测绘学院,2007,1104
中国科学技术大学,2007,1105
中国科学技术大学,2007,1106
北京大学,2009,1107
北京大学,2009,1108
北京地质学院,2009,1109
大连工学院,2009,1110
第一军医大学,2009,1111
东北师范大学,2009,1112
复旦大学,2009,1113
甘肃农业大学,2009,1114
贵州大学,2009,1115
哈尔滨工业大学,2009,1116
湖南怀化师范专科学校（现怀化学院,2009,1117
华南理工大学,2009,1118
华南农业大学,2009,1119
华中工学院,2009,1120
华中科技大学,2009,1121
吉林大学,2009,1122
吉林工业大学,2009,1123
解放军铁道兵工程学院,2009,1124
兰州大学,2009,1125
兰州大学,2009,1126
南京大学,2009,1127
南京理工大学,2009,1128
清华大学,2009,1129
清华大学,2009,1130
清华大学,2009,1131
山东大学,2009,1132
山西农学院,2009,1133
武汉水利电力学院,2009,1134
西安交通大学,2009,1135
西北大学,2009,1136
西北工业大学,2009,1137
中国科学技术大学,2009,1138
中山大学,2009,1139
中山大学,2009,1140
安徽教育学院(现合肥师范学院),2011,1141
安徽师范大学,2011,1142
白求恩医科大学,2011,1143
北京大学,2011,1144
北京大学,2011,1145
北京大学,2011,1146
北京大学,2011,1147
北京大学,2011,1148
北京师范大学,2011,1149
第三军医大学,2011,1150
东北大学,2011,1151
俄克拉荷马州立大学,2011,1152
复旦大学,2011,1153
河北师范大学,2011,1154
河南师范大学,2011,1155
华东地质学院,2011,1156
华东理工大学,2011,1157
江西理工大学,2011,1158
江西农业大学,2011,1159
兰州大学,2011,1160
南京大学,2011,1161
南京大学,2011,1162
南京大学,2011,1163
南京大学,2011,1164
南京航空航天大学,2011,1165
南京航空航天大学,2011,1166
南京理工大学,2011,1167
内蒙古大学,2011,1168
内蒙古农业大学,2011,1169
青岛医学院,2011,1170
山东大学,2011,1171
山东工学院,2011,1172
山东海洋学院(现中国海洋大学),2011,1173
陕西师范大学,2011,1174
四川大学,2011,1175
武汉大学,2011,1176
武汉大学,2011,1177
西北大学,2011,1178
西北大学,2011,1179
西北电讯工程学院,2011,1180
西南交通大学,2011,1181
湘潭大学,2011,1182
长春工业大学,2011,1183
浙江农业大学,2011,1184
浙江师范大学,2011,1185
中国科学技术大学,2011,1186
中国科学技术大学,2011,1187
中国科学技术大学,2011,1188
中国科学技术大学,2011,1189
台湾清华大学,2011,1190
安徽师范大学,2013,1191
白求恩医科大学,2013,1192
北京大学,2013,1193
北京大学,2013,1194
北京大学,2013,1195
北京大学,2013,1196
北京大学,2013,1197
北京大学,2013,1198
北京大学,2013,1199
北京航空航天大学,2013,1200
成都地质学院,2013,1201
第四军医大学,2013,1202
东北电力学院,2013,1203
阜阳师范学院,2013,1204
复旦大学,2013,1205
复旦大学,2013,1206
复旦大学,2013,1207
河北科技大学,2013,1208
湖南大学,2013,1209
华东理工大学,2013,1210
华东石油学院,2013,1211
吉林大学,2013,1212
空军工程学院,2013,1213
兰州大学,2013,1214
南京大学,2013,1215
南京大学,2013,1216
南京大学,2013,1217
南京工业大学,2013,1218
南京邮电大学,2013,1219
清华大学,2013,1220
清华大学,2013,1221
清华大学,2013,1222
清华大学,2013,1223
清华大学,2013,1224
厦门大学,2013,1225
山东科技大学,2013,1226
山东师范大学,2013,1227
山西农业大学,2013,1228
武汉大学,2013,1229
西安电子科技大学,2013,1230
西安交通大学,2013,1231
西北大学,2013,1232
湘潭大学,2013,1233
长安大学,2013,1234
长春地质学院,2013,1235
长春地质学院,2013,1236
浙江大学,2013,1237
浙江大学,2013,1238
浙江大学,2013,1239
郑州大学,2013,1240
中国科学技术大学,2013,1241
中国科学技术大学,2013,1242
,2013,1243
安徽师范大学,2015,1244
蚌埠医学院,2015,1245
蚌埠医学院,2015,1246
北京大学,2015,1247
北京大学,2015,1248
北京大学,2015,1249
北京化工学院,2015,1250
北京师范大学,2015,1251
第四军医大学,2015,1252
电子工程学院,2015,1253
东北农业大学,2015,1254
东南大学,2015,1255
国防科技大学,2015,1256
哈尔滨船舶工程学院,2015,1257
哈尔滨科技大学,2015,1258
杭州大学,2015,1259
合肥工业大学,2015,1260
合肥工业大学,2015,1261
河南大学,2015,1262
河南医学院,2015,1263
衡阳医学院,2015,1264
湖南师范大学,2015,1265
湖南师范大学,2015,1266
华东理工大学,2015,1267
华东师范大学,2015,1268
吉林大学,2015,1269
吉林大学,2015,1270
吉林大学,2015,1271
空军雷达学院,2015,1272
兰州大学,2015,1273
兰州大学,2015,1274
美国芝加哥大学,2015,1275
南京大学,2015,1276
南京大学,2015,1277
南京大学,2015,1278
南通大学,2015,1279
清华大学,2015,1280
厦门大学,2015,1281
厦门大学,2015,1282
山东工学院,2015,1283
四川大学,2015,1284
四川师范大学,2015,1285
天津大学,2015,1286
天津医科大学,2015,1287
武汉大学,2015,1288
武汉地质学院,2015,1289
武汉水利电力学院,2015,1290
西安建筑科技大学,2015,1291
西安交通大学,2015,1292
西北工业大学,2015,1293
宜春学院,2015,1294
长春地质学院,2015,1295
长春地质学院,2015,1296
浙江大学,2015,1297
浙江大学,2015,1298
浙江大学,2015,1299
中国海洋大学,2015,1300
中国科学技术大学,2015,1301
中国科学技术大学,2015,1302
中国科学技术大学,2015,1303
中国矿业大学,2015,1304
北京大学,2017,1305
北京大学,2017,1306
北京大学,2017,1307
北京大学,2017,1308
北京大学,2017,1309
大连理工大学,2017,1310
第三军医大学,2017,1311
抚顺石油学院,2017,1312
复旦大学,2017,1313
甘肃农业大学,2017,1314
国防科技大学,2017,1315
哈尔滨科技大学,2017,1316
杭州大学,2017,1317
杭州大学,2017,1318
杭州师范学院,2017,1319
河北大学,2017,1320
河北地质学院,2017,1321
河北农业大学,2017,1322
河南科技大学,2017,1323
湖北大学,2017,1324
湖南师范大学,2017,1325
湖南师范学院,2017,1326
华北煤炭医学院,2017,1327
华南农业大学,2017,1328
华中科技大学,2017,1329
华中科技大学,2017,1330
江西大学,2017,1331
兰州大学,2017,1332
兰州大学,2017,1333
南充师范学院,2017,1334
南京大学,2017,1335
南京大学,2017,1336
南京医科大学,2017,1337
南开大学,2017,1338
南通医学院,2017,1339
清华大学,2017,1340
清华大学,2017,1341
清华大学,2017,1342
厦门大学,2017,1343
山东大学,2017,1344
四川大学,2017,1345
苏州大学,2017,1346
天津大学,2017,1347
武汉地质学院,2017,1348
西安交通大学,2017,1349
西安科技大学,2017,1350
西北大学,2017,1351
西北电讯工程学院,2017,1352
西北工业大学,2017,1353
西北工业大学,2017,1354
西南石油学院,2017,1355
云南大学,2017,1356
长春地质学院,2017,1357
长沙铁道学院,2017,1358
浙江大学,2017,1359
浙江大学,2017,1360
浙江大学,2017,1361
浙江大学,2017,1362
浙江大学,2017,1363
浙江大学,2017,1364
中国科学技术大学,2017,1365
北京大学,2019,1366
北京大学,2019,1367
北京医科大学,2019,1368
成都科技大学,2019,1369
大连工学院,2019,1370
大连理工大学,2019,1371
东北重型机械学院,2019,1372
阜阳师范学院,2019,1373
贵州大学,2019,1374
国防科技大学,2019,1375
国防科学技术大学,2019,1376
合肥工业大学,2019,1377
湖北大学,2019,1378
湖南农学院(现湖南农业大学),2019,1379
华东石油学院,2019,1380
华中理工大学,2019,1381
吉林大学,2019,1382
吉林大学,2019,1383
吉林大学,2019,1384
江西工学院,2019,1385
兰州大学,2019,1386
兰州大学,2019,1387
南京大学,2019,1388
南京大学,2019,1389
南京航空航天大学,2019,1390
南京化工学院,2019,1391
南京师范大学,2019,1392
南开大学,2019,1393
山东大学,2019,1394
山东大学,2019,1395
山东医学院,2019,1396
山西矿业学院,2019,1397
陕西师范大学,2019,1398
沈阳农业大学,2019,1399
沈阳药学院,2019,1400
四川大学,2019,1401
天津大学,2019,1402
天津大学,2019,1403
武汉大学,2019,1404
武汉水利电力学院,2019,1405
武汉水利电力学院,2019,1406
西安电子科技大学,2019,1407
西安工程学院,2019,1408
西安交通大学,2019,1409
西北电讯工程学院,2019,1410
长春地质学院,2019,1411
长春地质学院,2019,1412
长春地质学院,2019,1413
长春中医学院,2019,1414
浙江大学,2019,1415
浙江大学,2019,1416
浙江农业大学,2019,1417
中国纺织大学,2019,1418
中国科学技术大学,2019,1419
中国科学技术大学,2019,1420
中国科学技术大学,2019,1421
中国科学技术大学,2019,1422
中国科学技术大学,2019,1423
中国科学技术大学,2019,1424
中国科学技术大学,2019,1425
中国科学技术大学,2019,1426
中国科学技术大学,2019,1427
中国人民解放军通信工程学院,2019,1428
中国人民解放军信息工程学院,2019,1429
中山医科大学,2019,1430
北京大学,2021,1431
北京大学,2021,1432
北京大学,2021,1433
北京大学,2021,1434
北京大学,2021,1435
北京航空航天大学,2021,1436
北京航空学院,2021,1437
北京师范大学,2021,1438
成都地质学院,2021,1439
第四军医大学,2021,1440
电子科技大学,2021,1441
东北师范大学,2021,1442
东南大学,2021,1443
福建师范大学,2021,1444
复旦大学,2021,1445
复旦大学,2021,1446
贵州农学院,2021,1447
国防科技大学,2021,1448
国防科技大学,2021,1449
哈尔滨工业大学,2021,1450
河北科技大学,2021,1451
华中工学院,2021,1452
华中工学院,2021,1453
吉林大学,2021,1454
吉林大学,2021,1455
吉林大学,2021,1456
吉林工业大学,2021,1457
江西农业大学,2021,1458
兰州大学,2021,1459
兰州大学,2021,1460
南京大学,2021,1461
南京大学,2021,1462
南京大学,2021,1463
南京大学,2021,1464
南京工学院,2021,1465
南京气象学院,2021,1466
南开大学,2021,1467
宁波大学,2021,1468
清华大学,2021,1469
日本群马大学,2021,1470
厦门大学,2021,1471
山东大学,2021,1472
山东大学,2021,1473
陕西师范大学,2021,1474
绍兴文理学院,2021,1475
四川大学,2021,1476
天津大学,2021,1477
同济医科大学,2021,1478
武汉大学,2021,1479
武汉地质学院,2021,1480
西安电子科技大学,2021,1481
西安交通大学,2021,1482
西安交通大学,2021,1483
西北大学,2021,1484
西北工业大学,2021,1485
西北农林科技大学,2021,1486
扬州师院,2021,1487
郑州工学院,2021,1488
中国地质大学,2021,1489
中国科学技术大学,2021,1490
中国医科大学,2021,1491
重庆医科大学,2021,1492
